"TreeName","Site","Species","ACC_NUM","ABBREV_NAME","COUNTRY_FULL","SUB_CNT1","SUB_CNT2","SUB_CNT3","LOCALITY","LAT_DEGREE","LAT_MINUTE","LAT_SECOND","LAT_DIR","LONG_DEGREE","LONG_MINUTE","LONG_SECOND","LONG_DIR","ALTITUDE","ALTITUDE_UNIT","DESCRIPTION","COLLECTION_MISC"
"10645*A","Arnold Arboretum","Abies_koreana","10645","A. koreana","Korea, Republic of","","","","near summit of Hallasan; abundant over 1000 m","","",NA,"","","",NA,"","","","","Small bushy tree 15 - 35 ft x 2 ft; branches and habit neat, rather broad and symmetrical branches slender, shoots with sparse gray pubescence or glabrous, very pale bark gray, with no resin pustules but with prominent transverse lenticles, bark often wine colored but the snow made it difficult to make sure of bark color. Cones with little or no resin and reflexed chartaceous bract."
"8133*A","Arnold Arboretum","Abies_nephrolepis","8133","A. nephro.","Country Unknown","","","","Korea/Japan","","",NA,"","","",NA,"","","","",""
"1664-81*B","Arnold Arboretum","Abies_nordmanniana","1664-81","A. nord. ssp. equi-trojani","Turkey","","Mt. Ida","","O. Kazdaglari, Gurgen Serisi, Ardicbasi, Yedi Kardesler","","",NA,"","","",NA,"","1150-1200","M","","N. E. exposure"
"779-65*A","Arnold Arboretum","Abies_nordmanniana","779-65","A. nord. ssp. equi-trojani","Turkey","","","","Kaz Dagh (Mt. Ida).","","",NA,"","","",NA,"","1200-1250","M","","These seeds were collected by an officer of the forest department in Canakkale, Turkey. The observations were made by Prof. C. von Regel and Dr. Adil Pamukcuoghe."
"521-28*A","Arnold Arboretum","Abies_xborisii-regis","521-28","A. x borisii-regis","Greece","","","","","","",NA,"","","",NA,"","","","",""
"827-27*A","Arnold Arboretum","Abies_xborisii-regis","827-27","A. x borisii-regis","Greece","","","","","","",NA,"","","",NA,"","","","",""
"827-27*B","Arnold Arboretum","Abies_xborisii-regis","827-27","A. x borisii-regis","Greece","","","","","","",NA,"","","",NA,"","","","",""
"6995*A","Arnold Arboretum","Picea_purpurea","6995","Pic. purpurea","China","W. Sichuan (W. Szechuan)","Sungpan Ting","","","","",NA,"","","",NA,"","","","",""
"292-80*A","Arnold Arboretum","Calocedrus_decurrens","292-80","Calo. decurr.","United States","Oregon","","","","","",NA,"","","",NA,"","","","",""
"4000*A","Arnold Arboretum","Calocedrus_decurrens","4000","Calo. decurr.","United States","Oregon","","","","","",NA,"","","",NA,"","","","","wild collected at the request of C.S. Sragent (see archives)"
"4000*D","Arnold Arboretum","Calocedrus_decurrens","4000","Calo. decurr.","United States","Oregon","","","","","",NA,"","","",NA,"","","","","wild collected at the request of C.S. Sragent (see archives)"
"4000*E","Arnold Arboretum","Calocedrus_decurrens","4000","Calo. decurr.","United States","Oregon","","","","","",NA,"","","",NA,"","","","","wild collected at the request of C.S. Sragent (see archives)"
"220-60*B","Arnold Arboretum","Cedrus_libani","220-60","Ced. libani","Turkey","","Sutlugen","","Cin Huseyin","","",NA,"","","",NA,"","1500","M","","name of the exploitation - Kas; the number of the stand - 2; number of the section - 19-32; exposition - south; name of the series Karacay-Karadag; 60 boxed"
"220-60*C","Arnold Arboretum","Cedrus_libani","220-60","Ced. libani","Turkey","","Sutlugen","","Cin Huseyin","","",NA,"","","",NA,"","1500","M","","name of the exploitation - Kas; the number of the stand - 2; number of the section - 19-32; exposition - south; name of the series Karacay-Karadag; 60 boxed"
"220-60*D","Arnold Arboretum","Cedrus_libani","220-60","Ced. libani","Turkey","","Sutlugen","","Cin Huseyin","","",NA,"","","",NA,"","1500","M","","name of the exploitation - Kas; the number of the stand - 2; number of the section - 19-32; exposition - south; name of the series Karacay-Karadag; 60 boxed"
"220-60*F","Arnold Arboretum","Cedrus_libani","220-60","Ced. libani","Turkey","","Sutlugen","","Cin Huseyin","","",NA,"","","",NA,"","1500","M","","name of the exploitation - Kas; the number of the stand - 2; number of the section - 19-32; exposition - south; name of the series Karacay-Karadag; 60 boxed"
"448-68*A","Arnold Arboretum","Cedrus_libani","448-68","Ced. libani","","Turkey","","Sutlugen","","Cin Huseyin","",NA,"","","",NA,"","","1500","M",""
"4697*G","Arnold Arboretum","Cedrus_libani","4697","Ced. libani","Turkey","","","","Taurus Mountains, ca. 1900 m","39","",NA,"N","27","",NA,"E","1900","M","","Only a few days ago did I manage to obtain, after several futile attempts, 50 kilos of cones with good seeds. Since it was necessary to make a special trip, use many pack animals, and spend eight days of time for this, I am certain that you will not find the fee of 60 Mark German currency too high. Letter from Walter Siehe to C. S. Sargent, 18 November, 1900"
"4697*I","Arnold Arboretum","Cedrus_libani","4697","Ced. libani","Turkey","","","","Taurus Mountains, ca. 1900 m","39","",NA,"N","27","",NA,"E","1900","M","","Only a few days ago did I manage to obtain, after several futile attempts, 50 kilos of cones with good seeds. Since it was necessary to make a special trip, use many pack animals, and spend eight days of time for this, I am certain that you will not find the fee of 60 Mark German currency too high. Letter from Walter Siehe to C. S. Sargent, 18 November, 1900"
"4697*M","Arnold Arboretum","Cedrus_libani","4697","Ced. libani","Turkey","","","","Taurus Mountains, ca. 1900 m","39","",NA,"N","27","",NA,"E","1900","M","","Only a few days ago did I manage to obtain, after several futile attempts, 50 kilos of cones with good seeds. Since it was necessary to make a special trip, use many pack animals, and spend eight days of time for this, I am certain that you will not find the fee of 60 Mark German currency too high. Letter from Walter Siehe to C. S. Sargent, 18 November, 1900"
"4697*O","Arnold Arboretum","Cedrus_libani","4697","Ced. libani","Turkey","","","","Taurus Mountains, ca. 1900 m","39","",NA,"N","27","",NA,"E","1900","M","","Only a few days ago did I manage to obtain, after several futile attempts, 50 kilos of cones with good seeds. Since it was necessary to make a special trip, use many pack animals, and spend eight days of time for this, I am certain that you will not find the fee of 60 Mark German currency too high. Letter from Walter Siehe to C. S. Sargent, 18 November, 1900"
"4697*P","Arnold Arboretum","Cedrus_libani","4697","Ced. libani","Turkey","","","","Taurus Mountains, ca. 1900 m","39","",NA,"N","27","",NA,"E","1900","M","","Only a few days ago did I manage to obtain, after several futile attempts, 50 kilos of cones with good seeds. Since it was necessary to make a special trip, use many pack animals, and spend eight days of time for this, I am certain that you will not find the fee of 60 Mark German currency too high. Letter from Walter Siehe to C. S. Sargent, 18 November, 1900"
"13047*A","Arnold Arboretum","Chamaecyparis_thyoides","13047","Chamae. thyoides","United States","Massachusetts","","Readville","","","",NA,"","","",NA,"","","","",""
"13047*C","Arnold Arboretum","Chamaecyparis_thyoides","13047","Chamae. thyoides","United States","Massachusetts","","Readville","","","",NA,"","","",NA,"","","","",""
"1171-67*B","Arnold Arboretum","Larix_decidua","1171-67","Larix decidua","Czechoslovakia","","","","","","",NA,"","","",NA,"","","","",""
"1296-83*A","Arnold Arboretum","Larix_decidua","1296-83","Larix decidua","Republic of Montenegro","","","","Peninsula Lustica","42","22",NA,"N","18","40",NA,"E","10-20","M","",""
"14937*A","Arnold Arboretum","Larix_decidua","14937","Larix decidua","Poland","Silesia","","","","","",NA,"","","",NA,"","","","",""
"171-67*A","Arnold Arboretum","Larix_decidua","171-67","Rh. 'Purple Gem'","","","","","","","",NA,"","","",NA,"","","","",""
"19708*A","Arnold Arboretum","Larix_decidua","19708","Larix decidua","","","","","","","",NA,"","","",NA,"","","","",""
"239-2012*A","Arnold Arboretum","Larix_decidua","239-2012","Larix sp.","","","","","","","",NA,"","","",NA,"","","","",""
"2775*B","Arnold Arboretum","Larix_decidua","2775","Larix decidua","","","","","","","",NA,"","","",NA,"","","","",""
"2775*C","Arnold Arboretum","Larix_decidua","2775","Larix decidua","","","","","","","",NA,"","","",NA,"","","","",""
"2775*D","Arnold Arboretum","Larix_decidua","2775","Larix decidua","","","","","","","",NA,"","","",NA,"","","","",""
"2775*G","Arnold Arboretum","Larix_decidua","2775","Larix decidua","","","","","","","",NA,"","","",NA,"","","","",""
"2775*H","Arnold Arboretum","Larix_decidua","2775","Larix decidua","","","","","","","",NA,"","","",NA,"","","","",""
"2775*M","Arnold Arboretum","Larix_decidua","2775","Larix decidua","","","","","","","",NA,"","","",NA,"","","","",""
"2775*O","Arnold Arboretum","Larix_decidua","2775","Larix decidua","","","","","","","",NA,"","","",NA,"","","","",""
"2775*P","Arnold Arboretum","Larix_decidua","2775","Larix decidua","","","","","","","",NA,"","","",NA,"","","","",""
"2775*Q","Arnold Arboretum","Larix_decidua","2775","Larix decidua","","","","","","","",NA,"","","",NA,"","","","",""
"14936*B","Arnold Arboretum","Larix_gmelinii","14936","Larix gmel. var. pr.-rupp.","China","Shanxi (Shansi)","","","Wutaishan","","",NA,"","","",NA,"","","","",""
"14936*C","Arnold Arboretum","Larix_gmelinii","14936","Larix gmel. var. pr.-rupp.","China","Shanxi (Shansi)","","","Wutaishan","","",NA,"","","",NA,"","","","",""
"18503*A","Arnold Arboretum","Larix_gmelinii","18503","Larix gmel. var. pr.-rupp.","China","","","","","","",NA,"","","",NA,"","","","",""
"18503*G","Arnold Arboretum","Larix_gmelinii","18503","Larix gmel. var. pr.-rupp.","China","","","","","","",NA,"","","",NA,"","","","",""
"21784*B","Arnold Arboretum","Larix_gmelinii","21784","Larix gmel. var. pr.-rupp.","China","Hebei (Chih-li)","","","Hsaio Wu tai shan","","",NA,"","","",NA,"","","","",""
"21784*K","Arnold Arboretum","Larix_gmelinii","21784","Larix gmel. var. pr.-rupp.","China","Hebei (Chih-li)","","","Hsaio Wu tai shan","","",NA,"","","",NA,"","","","",""
"1097*C","Arnold Arboretum","Larix_kaempferi","1097","Larix kaemp.","Japan","","","","","","",NA,"","","",NA,"","","","",""
"14939*B","Arnold Arboretum","Larix_kaempferi","14939","Larix kaemp.","Japan","","","","","","",NA,"","","",NA,"","","","",""
"152-79*A","Arnold Arboretum","Larix_kaempferi","152-79","Larix kaemp.","","","Japan","","","","",NA,"","","",NA,"","","","",""
"14948*A","Arnold Arboretum","Larix_sibirica","14948","Larix sibirica","Country Unknown","","","","The Altai Mountain Range of Central Asia","","",NA,"","","",NA,"","","","",""
"445-60*A","Arnold Arboretum","Larix_sibirica","445-60","Larix sibirica","Russian Federation","","","","","","",NA,"","","",NA,"","","","",""
"21774*A","Arnold Arboretum","Picea_asperata","21774","Pic. asperata","China","","","","Plan-lan-Shan","","",NA,"","","",NA,"","","","",""
"6284*G","Arnold Arboretum","Picea_asperata","6284","Pic. asperata","China","W. Sichuan (W. Szechuan)","Wen-chaun, Hsien","","","","",NA,"","","",NA,"","","","",""
"6284-I","Arnold Arboretum","Picea_asperata","6284-I",NA,NA,NA,NA,NA,NA,NA,NA,NA,NA,NA,NA,NA,NA,NA,NA,NA,NA
"6992*B","Arnold Arboretum","Picea_asperata","6992","Pic. asp. var. notab.","China","W. Sichuan (W. Szechuan)","Chin-ting-shan","","","","",NA,"","","",NA,"","","","",""
"6992*G","Arnold Arboretum","Picea_asperata","6992","Pic. asp. var. notab.","China","W. Sichuan (W. Szechuan)","Chin-ting-shan","","","","",NA,"","","",NA,"","","","",""
"6992*W","Arnold Arboretum","Picea_asperata","6992","Pic. asp. var. notab.","China","W. Sichuan (W. Szechuan)","Chin-ting-shan","","","","",NA,"","","",NA,"","","","",""
"6998*F","Arnold Arboretum","Picea_asperata","6998","Pic. asp. var. pond.","China","W. Sichuan (W. Szechuan)","Pan-lan-shan","","","","",NA,"","","",NA,"","","","",""
"15877*c","Arnold Arboretum","Picea_engelmannii","15877","Pic. engelm.","United States","Montana","","","Many Glacier","","",NA,"","","",NA,"","","","",""
"16477*E","Arnold Arboretum","Picea_engelmannii","16477","Pic. engelm.","United States","Colorado","","","","","",NA,"","","",NA,"","","","",""
"16477*F","Arnold Arboretum","Picea_engelmannii","16477","Pic. engelm.","United States","Colorado","","","","","",NA,"","","",NA,"","","","",""
"503-40*B","Arnold Arboretum","Picea_koraiensis","503-40","Pic. koraien.","Korea, Democratic People's Republic of","","","","","","",NA,"","","",NA,"","","","",""
"7707*C","Arnold Arboretum","Picea_koyamai","7707","Pic. koyamai","Japan","Hondo","Shinano","","Yatanga-dake","","",NA,"","","",NA,"","","","",""
"7707*K","Arnold Arboretum","Picea_koyamai","7707","Pic. koyamai","Japan","Hondo","Shinano","","Yatanga-dake","","",NA,"","","",NA,"","","","",""
"7707*P","Arnold Arboretum","Picea_koyamai","7707","Pic. koyamai","Japan","Hondo","Shinano","","Yatanga-dake","","",NA,"","","",NA,"","","","",""
"7707*R","Arnold Arboretum","Picea_koyamai","7707","Pic. koyamai","Japan","Hondo","Shinano","","Yatanga-dake","","",NA,"","","",NA,"","","","",""
"7707*S","Arnold Arboretum","Picea_koyamai","7707","Pic. koyamai","Japan","Hondo","Shinano","","Yatanga-dake","","",NA,"","","",NA,"","","","",""
"7707F","Arnold Arboretum","Picea_koyamai","7707F",NA,NA,NA,NA,NA,NA,NA,NA,NA,NA,NA,NA,NA,NA,NA,NA,NA,NA
"7707G","Arnold Arboretum","Picea_koyamai","7707G",NA,NA,NA,NA,NA,NA,NA,NA,NA,NA,NA,NA,NA,NA,NA,NA,NA,NA
"7707M","Arnold Arboretum","Picea_koyamai","7707M",NA,NA,NA,NA,NA,NA,NA,NA,NA,NA,NA,NA,NA,NA,NA,NA,NA,NA
"7707-Q","Arnold Arboretum","Picea_koyamai","7707-Q",NA,NA,NA,NA,NA,NA,NA,NA,NA,NA,NA,NA,NA,NA,NA,NA,NA,NA
"1341-78*A","Arnold Arboretum","Picea_meyeri","1341-78","Pic. meyeri","Country Unknown","","","","","","",NA,"","","",NA,"","","","",""
"1341-78*B","Arnold Arboretum","Picea_meyeri","1341-78","Pic. meyeri","Country Unknown","","","","","","",NA,"","","",NA,"","","","",""
"20-48*A","Arnold Arboretum","Picea_meyeri","20-48","Pic. meyeri","Russian Federation","Siberia","Khabarovsk","","obtained from the forester of the Imperial Domains","","",NA,"","","",NA,"","","","",""
"228-43*A","Arnold Arboretum","Picea_meyeri","228-43","Pic. meyeri","China","Gansu (Kansu)","Choni","","","","",NA,"","","",NA,"","","","",""
"7709*B","Arnold Arboretum","Picea_obovata","7709","Pic. obovata","Russian Federation","","","","Altai Mountains, Lake Marian","","",NA,"","","",NA,"","","","",""
"1476*I","Arnold Arboretum","Picea_pungens","1476","Pic. pungens","United States","Colorado","","","","","",NA,"","","",NA,"","","","",""
"6695*H","Arnold Arboretum","Picea_purpurea","6695","Vacc. pallidum","","","","","","","",NA,"","","",NA,"","","","",""
"16511*C","Arnold Arboretum","Picea_rubens","16511","Pic. rubens","United States","Maine","Bar Harbor & Ironbound Isle","","","","",NA,"","","",NA,"","","","",""
"16511*D","Arnold Arboretum","Picea_rubens","16511","Pic. rubens","United States","Maine","Bar Harbor & Ironbound Isle","","","","",NA,"","","",NA,"","","","",""
"16511*E","Arnold Arboretum","Picea_rubens","16511","Pic. rubens","United States","Maine","Bar Harbor & Ironbound Isle","","","","",NA,"","","",NA,"","","","",""
"16511*G","Arnold Arboretum","Picea_rubens","16511","Pic. rubens","United States","Maine","Bar Harbor & Ironbound Isle","","","","",NA,"","","",NA,"","","","",""
"16515C","Arnold Arboretum","Picea_wilsonii","16515C",NA,NA,NA,NA,NA,NA,NA,NA,NA,NA,NA,NA,NA,NA,NA,NA,NA,NA
"16520P","Arnold Arboretum","Picea_wilsonii","16520P",NA,NA,NA,NA,NA,NA,NA,NA,NA,NA,NA,NA,NA,NA,NA,NA,NA,NA
"16521A","Arnold Arboretum","Picea_wilsonii","16521A",NA,NA,NA,NA,NA,NA,NA,NA,NA,NA,NA,NA,NA,NA,NA,NA,NA,NA
"16515*A","Arnold Arboretum","Picea_wilsonii","16515","Pic. wils.","China","Hebei (Chih-li)","","","Jehol","","",NA,"","","",NA,"","","","",""
"16515*I","Arnold Arboretum","Picea_wilsonii","16515","Pic. wils.","China","Hebei (Chih-li)","","","Jehol","","",NA,"","","",NA,"","","","",""
"16515*K","Arnold Arboretum","Picea_wilsonii","16515","Pic. wils.","China","Hebei (Chih-li)","","","Jehol","","",NA,"","","",NA,"","","","",""
"16515*M","Arnold Arboretum","Picea_wilsonii","16515","Pic. wils.","China","Hebei (Chih-li)","","","Jehol","","",NA,"","","",NA,"","","","",""
"16515*N","Arnold Arboretum","Picea_wilsonii","16515","Pic. wils.","China","Hebei (Chih-li)","","","Jehol","","",NA,"","","",NA,"","","","",""
"16520*C","Arnold Arboretum","Picea_wilsonii","16520","Pic. wils.","China","W. Kansu","Lotani Road","","","","",NA,"","","",NA,"","","","",""
"16520*I","Arnold Arboretum","Picea_wilsonii","16520","Pic. wils.","China","W. Kansu","Lotani Road","","","","",NA,"","","",NA,"","","","",""
"16520*K","Arnold Arboretum","Picea_wilsonii","16520","Pic. wils.","China","W. Kansu","Lotani Road","","","","",NA,"","","",NA,"","","","",""
"7599*A","Arnold Arboretum","Picea_wilsonii","7599","Pic. wils.","China","Shanxi (Shansi)","","","Wutaishan","","",NA,"","","",NA,"","","","",""
"16515*G","Arnold Arboretum","Picea_wilsonii","16515","Pic. wils.","China","Hebei (Chih-li)","","","Jehol","","",NA,"","","",NA,"","","","",""
"24-49*A","Arnold Arboretum","Pinus_armandii","24-49","P. armandii","China","Sichuan (Szechuan)","","","","","",NA,"","","",NA,"","","","",""
"11373*B","Arnold Arboretum","Pinus_densiflora","11373","P. densifl.","Korea, Republic of","","","","","","",NA,"","","",NA,"","","","",""
"16536*C","Arnold Arboretum","Pinus_densiflora","16536","P. densifl.","Japan","","","","","","",NA,"","","",NA,"","","","",""
"1724-77*A","Arnold Arboretum","Pinus_densiflora","1724-77","P. densifl.","Japan","Honshu","Miyagi Pref.","","Miyato Island, near Matsushima","","",NA,"","","",NA,"","","","",""
"1724-77*B","Arnold Arboretum","Pinus_densiflora","1724-77","P. densifl.","Japan","Honshu","Miyagi Pref.","","Miyato Island, near Matsushima","","",NA,"","","",NA,"","","","",""
"1724-77*C","Arnold Arboretum","Pinus_densiflora","1724-77","P. densifl.","Japan","Honshu","Miyagi Pref.","","Miyato Island, near Matsushima","","",NA,"","","",NA,"","","","",""
"16541*A","Arnold Arboretum","Pinus_echinata","16541","P. echinata","United States","New York","Staten Island","","","","",NA,"","","",NA,"","","","",""
"16541*F","Arnold Arboretum","Pinus_echinata","16541","P. echinata","United States","New York","Staten Island","","","","",NA,"","","",NA,"","","","",""
"16541*H","Arnold Arboretum","Pinus_echinata","16541","P. echinata","United States","New York","Staten Island","","","","",NA,"","","",NA,"","","","",""
"16541*I","Arnold Arboretum","Pinus_echinata","16541","P. echinata","United States","New York","Staten Island","","","","",NA,"","","",NA,"","","","",""
"254-79*A","Arnold Arboretum","Pinus_flexilis","254-79","P. flexilis","United States","Texas","","","Davis Mountains","","",NA,"","","",NA,"","","","",""
"11242*A","Arnold Arboretum","Pinus_koraiensis","11242","P. koraiensis","Korea, Republic of","","","","(Korea and Japan)","","",NA,"","","",NA,"","","","",""
"1264-83*B","Arnold Arboretum","Pinus_koraiensis","1264-83","P. koraiensis","Korea, Republic of","Kangwon-do","","","Mt. Yongmun","","",NA,"","","",NA,"","","","",""
"Pinnig1","Arnold Arboretum","Pinus_nigra","Pinnig1",NA,NA,NA,NA,NA,NA,NA,NA,NA,NA,NA,NA,NA,NA,NA,NA,NA,NA
"pinnig2","Arnold Arboretum","Pinus_nigra","pinnig2",NA,NA,NA,NA,NA,NA,NA,NA,NA,NA,NA,NA,NA,NA,NA,NA,NA,NA
"Pinnig3","Arnold Arboretum","Pinus_nigra","Pinnig3",NA,NA,NA,NA,NA,NA,NA,NA,NA,NA,NA,NA,NA,NA,NA,NA,NA,NA
"Pinnig4","Arnold Arboretum","Pinus_nigra","Pinnig4",NA,NA,NA,NA,NA,NA,NA,NA,NA,NA,NA,NA,NA,NA,NA,NA,NA,NA
"pinnig7","Arnold Arboretum","Pinus_nigra","pinnig7",NA,NA,NA,NA,NA,NA,NA,NA,NA,NA,NA,NA,NA,NA,NA,NA,NA,NA
"pinnig8","Arnold Arboretum","Pinus_nigra","pinnig8",NA,NA,NA,NA,NA,NA,NA,NA,NA,NA,NA,NA,NA,NA,NA,NA,NA,NA
"pinnig9","Arnold Arboretum","Pinus_nigra","pinnig9",NA,NA,NA,NA,NA,NA,NA,NA,NA,NA,NA,NA,NA,NA,NA,NA,NA,NA
"pinning5","Arnold Arboretum","Pinus_nigra","pinning5",NA,NA,NA,NA,NA,NA,NA,NA,NA,NA,NA,NA,NA,NA,NA,NA,NA,NA
"pinning6","Arnold Arboretum","Pinus_nigra","pinning6",NA,NA,NA,NA,NA,NA,NA,NA,NA,NA,NA,NA,NA,NA,NA,NA,NA,NA
"4802*C","Arnold Arboretum","Pinus_nigra","4802","P. nigra ssp. nigra","Bosnia and Herzegovina","","","","Han Sarnes","","",NA,"","","",NA,"","4000","FT","",""
"4802*CTRUE","Arnold Arboretum","Pinus_nigra","4802","P. nigra ssp. nigra","Bosnia and Herzegovina","","","","Han Sarnes","","",NA,"","","",NA,"","4000","FT","",""
"4802*D","Arnold Arboretum","Pinus_nigra","4802","P. nigra ssp. nigra","Bosnia and Herzegovina","","","","Han Sarnes","","",NA,"","","",NA,"","4000","FT","",""
"4802*E","Arnold Arboretum","Pinus_nigra","4802","P. nigra ssp. nigra","Bosnia and Herzegovina","","","","Han Sarnes","","",NA,"","","",NA,"","4000","FT","",""
"1732-77*A","Arnold Arboretum","Pinus_parviflora","1732-77","P. parvifl.","Japan","Hokkaido Prefecture","Hidaka District","","Mt. Apoi","","",NA,"","","",NA,"","","","",""
"1732-77*B","Arnold Arboretum","Pinus_parviflora","1732-77","P. parvifl.","Japan","Hokkaido Prefecture","Hidaka District","","Mt. Apoi","","",NA,"","","",NA,"","","","",""
"1732-77*D","Arnold Arboretum","Pinus_parviflora","1732-77","P. parvifl.","Japan","Hokkaido Prefecture","Hidaka District","","Mt. Apoi","","",NA,"","","",NA,"","","","",""
"1311-79*B","Arnold Arboretum","Pinus_ponderosa","1311-79","P. pond. var. pond.","Canada","British Columbia","Similkameen District","","","49","02",NA,"N","118","05",NA,"W","","","",""
"1311-79*F","Arnold Arboretum","Pinus_ponderosa","1311-79","P. pond. var. pond.","Canada","British Columbia","Similkameen District","","","49","02",NA,"N","118","05",NA,"W","","","",""
"205-80*A","Arnold Arboretum","Pinus_ponderosa","205-80","P. pond. var. pond.","United States","Washington","","","","47","09",NA,"N","120","25",NA,"W","","","",""
"205-80*B","Arnold Arboretum","Pinus_ponderosa","205-80","P. pond. var. pond.","United States","Washington","","","","47","09",NA,"N","120","25",NA,"W","","","",""
"16573*M","Arnold Arboretum","Pinus resinosa","16573","P. resinosa","United States","New Hampshire","","","White Mountains","","",NA,"","","",NA,"","","","",""
"16573*N","Arnold Arboretum","Pinus_resinosa","16573","P. resinosa","United States","New Hampshire","","","White Mountains","","",NA,"","","",NA,"","","","",""
"16573*Q","Arnold Arboretum","Pinus_resinosa","16573","P. resinosa","United States","New Hampshire","","","White Mountains","","",NA,"","","",NA,"","","","",""
"16589*A","Arnold Arboretum","Pinus_sylvestris","16589","P. sylv. var. lapp.","Finland","","","","","","",NA,"","","",NA,"","","","",""
"16589*B","Arnold Arboretum","Pinus_sylvestris","16589","P. sylv. var. lapp.","Finland","","","","","","",NA,"","","",NA,"","","","",""
"16589*G","Arnold Arboretum","Pinus_sylvestris","16589","P. sylv. var. lapp.","Finland","","","","","","",NA,"","","",NA,"","","","",""
"16589*H","Arnold Arboretum","Pinus_sylvestris","16589","P. sylv. var. lapp.","Finland","","","","","","",NA,"","","",NA,"","","","",""
"113-72*H","Arnold Arboretum","Pinus_tabuliformis","113-72",NA,NA,NA,NA,NA,NA,NA,NA,NA,NA,NA,NA,NA,NA,NA,NA,NA,NA
"16576*H","Arnold Arboretum","Pinus_tabuliformis","16576","P. tabuliformis","China","Hebei (Chih-li)","","","","","",NA,"","","",NA,"","","","",""
"16576*I","Arnold Arboretum","Pinus_tabuliformis","16576","P. tabuliformis","China","Hebei (Chih-li)","","","","","",NA,"","","",NA,"","","","",""
"16576*J","Arnold Arboretum","Pinus_tabuliformis","16576","P. tabuliformis","China","Hebei (Chih-li)","","","","","",NA,"","","",NA,"","","","",""
"16576*N","Arnold Arboretum","Pinus_tabuliformis","16576","P. tabuliformis","China","Hebei (Chih-li)","","","","","",NA,"","","",NA,"","","","",""
"16576*R","Arnold Arboretum","Pinus_tabuliformis","16576","P. tabuliformis","China","Hebei (Chih-li)","","","","","",NA,"","","",NA,"","","","",""
"11371*G","Arnold Arboretum","Pinus_thunbergii","11371","P. thunbergii","Country Unknown","","","","","","",NA,"","","",NA,"","","","",""
"11371*J","Arnold Arboretum","Pinus_thunbergii","11371","P. thunbergii","Country Unknown","","","","","","",NA,"","","",NA,"","","","",""
"11371*M","Arnold Arboretum","Pinus_thunbergii","11371","P. thunbergii","Country Unknown","","","","","","",NA,"","","",NA,"","","","",""
"16592*D","Arnold Arboretum","Pinus_thunbergii","16592","P. thunbergii","Japan","","","","","","",NA,"","","",NA,"","","","",""
"16592*E","Arnold Arboretum","Pinus_thunbergii","16592","P. thunbergii","Japan","","","","","","",NA,"","","",NA,"","","","",""
"psemen3","Arnold Arboretum","Pseudotsuga_menziesii","psemen3",NA,NA,NA,NA,NA,NA,NA,NA,NA,NA,NA,NA,NA,NA,NA,NA,NA,NA
"psemen5a","Arnold Arboretum","Pseudotsuga_menziesii","psemen5a",NA,NA,NA,NA,NA,NA,NA,NA,NA,NA,NA,NA,NA,NA,NA,NA,NA,NA
"psemen5b","Arnold Arboretum","Pseudotsuga_menziesii","psemen5b",NA,NA,NA,NA,NA,NA,NA,NA,NA,NA,NA,NA,NA,NA,NA,NA,NA,NA
"psemen6a","Arnold Arboretum","Pseudotsuga_menziesii","psemen6a",NA,NA,NA,NA,NA,NA,NA,NA,NA,NA,NA,NA,NA,NA,NA,NA,NA,NA
"psemen6b","Arnold Arboretum","Pseudotsuga_menziesii","psemen6b",NA,NA,NA,NA,NA,NA,NA,NA,NA,NA,NA,NA,NA,NA,NA,NA,NA,NA
"psemen7","Arnold Arboretum","Pseudotsuga_menziesii","psemen7",NA,NA,NA,NA,NA,NA,NA,NA,NA,NA,NA,NA,NA,NA,NA,NA,NA,NA
"psemen8","Arnold Arboretum","Pseudotsuga_menziesii","psemen8",NA,NA,NA,NA,NA,NA,NA,NA,NA,NA,NA,NA,NA,NA,NA,NA,NA,NA
"1270-64*B","Arnold Arboretum","Pseudotsuga_menziesii","1270-64","Bet. x aurata","","Poland","","","","","",NA,"","","",NA,"","","","",""
"16780*K","Arnold Arboretum","Pseudotsuga_menziesii","16780","Ps'tsuga menz. var. glauca","United States","Colorado","","","","","",NA,"","","",NA,"","","","",""
"16780*L","Arnold Arboretum","Pseudotsuga_menziesii","16780","Ps'tsuga menz. var. glauca","United States","Colorado","","","","","",NA,"","","",NA,"","","","",""
"16780*M","Arnold Arboretum","Pseudotsuga_menziesii","16780","Ps'tsuga menz. var. glauca","United States","Colorado","","","","","",NA,"","","",NA,"","","","",""
"17404*C","Arnold Arboretum","Taxus_cuspidata","17404","Tax. cusp.","Japan","","","","","","",NA,"","","",NA,"","","","",""
"17404*D","Arnold Arboretum","Taxus_cuspidata","17404","Tax. cusp.","Japan","","","","","","",NA,"","","",NA,"","","","",""
"1225-78*A","Arnold Arboretum","Thuja_plicata","1225-78","Th. plicata","Canada","British Columbia","","","","","",NA,"","","",NA,"","","","",""
"1474-81*C","Arnold Arboretum","Thuja_plicata","1474-81","Th. plicata","United States","Idaho","","","Three Devils Campground, approximately 2.5 miles west of Lowell","46","08",NA,"N","115","37",NA,"W","432","M","",""
"1549-81*B","Arnold Arboretum","Thuja_plicata","1549-81","Th. plicata","United States","Idaho","","","east of Clarkia","47","00",NA,"N","116","24",NA,"W","","","",""
"17515*A","Arnold Arboretum","Thuja_plicata","17515","Th. plicata","United States","Idaho","","Fort Coeur d'Alene","","","",NA,"","","",NA,"","","","",""
"17515*B","Arnold Arboretum","Thuja_plicata","17515","Th. plicata","United States","Idaho","","Fort Coeur d'Alene","","","",NA,"","","",NA,"","","","",""
"17516*A","Arnold Arboretum","Thuja_plicata","17516","Th. plicata","United States","Washington","","Ashford","","","",NA,"","","",NA,"","","","",""
"17516*B","Arnold Arboretum","Thuja_plicata","17516","Th. plicata","United States","Washington","","Ashford","","","",NA,"","","",NA,"","","","",""
"1204-98*A","Arnold Arboretum","Tsuga_canadensis","1204-98","Ts. canad.","","","","","","","",NA,"","","",NA,"","","","",""
"1293-98*A","Arnold Arboretum","Tsuga_canadensis","1293-98","Ts. canad.","","","","","","","",NA,"","","",NA,"","","","",""
"2196-98*A","Arnold Arboretum","Tsuga_canadensis","2196-98","Ts. canad.","","","","","","","",NA,"","","",NA,"","","","",""
"2231-98*A","Arnold Arboretum","Tsuga_canadensis","2231-98","Ts. canad.","","","","","","","",NA,"","","",NA,"","","","",""
"23084*A","Arnold Arboretum","Tsuga_canadensis","23084","Ts. canad.","","","","","","","",NA,"","","",NA,"","","","",""
"23084*E","Arnold Arboretum","Tsuga_canadensis","23084","Ts. canad.","","","","","","","",NA,"","","",NA,"","","","",""
"23084*F","Arnold Arboretum","Tsuga_canadensis","23084","Ts. canad.","","","","","","","",NA,"","","",NA,"","","","",""
"23084*G","Arnold Arboretum","Tsuga_canadensis","23084","Ts. canad.","","","","","","","",NA,"","","",NA,"","","","",""
"238-2012*A","Arnold Arboretum","Tsuga_canadensis","238-2012","Ts. canad.","","","","","","","",NA,"","","",NA,"","","","",""
"2878-98*A","Arnold Arboretum","Tsuga_canadensis","2878-98","Ts. canad.","","","","","","","",NA,"","","",NA,"","","","",""
"368-2011*A","Arnold Arboretum","Tsuga_canadensis","368-2011","Ts. canad.","","","","","","","",NA,"","","",NA,"","","","",""
"tsucan2","Arnold Arboretum","Tsuga_canadensis","tsucan2",NA,NA,NA,NA,NA,NA,NA,NA,NA,NA,NA,NA,NA,NA,NA,NA,NA,NA
"tsucan3","Arnold Arboretum","Tsuga_canadensis","tsucan3",NA,NA,NA,NA,NA,NA,NA,NA,NA,NA,NA,NA,NA,NA,NA,NA,NA,NA
"tsucan4","Arnold Arboretum","Tsuga_canadensis","tsucan4",NA,NA,NA,NA,NA,NA,NA,NA,NA,NA,NA,NA,NA,NA,NA,NA,NA,NA
"377-2012*A","Arnold Arboretum","Tsuga_caroliniana","377-2012","Ts. caroliniana","","","","","","","",NA,"","","",NA,"","","","",""
"1001-98*A","Arnold Arboretum","Tsuga_canadensis","1001-98","Ts. canad.","","","","","","","",NA,"","","",NA,"","","","",""
"1058-98*A","Arnold Arboretum","Tsuga_canadensis","1058-98","Ts. canad.","","","","","","","",NA,"","","",NA,"","","","",""
"12651*C","Arnold Arboretum","Aesculus flava","12651","Aesc. flava","United States","North Carolina","Buncombe County","","Craggy Mt.","","",NA,"","","",NA,"","","","",""
"12651*H","Arnold Arboretum","Aesculus flava","12651","Aesc. flava","United States","North Carolina","Buncombe County","","Craggy Mt.","","",NA,"","","",NA,"","","","",""
"12651*I","Arnold Arboretum","Aesculus flava","12651","Aesc. flava","United States","North Carolina","Buncombe County","","Craggy Mt.","","",NA,"","","",NA,"","","","",""
"925-79*B","Arnold Arboretum","Aesculus flava","925-79","Aesc. flava","United States","North Carolina","Rutherford County","","Hickory Nut Gorge, Bat Cave","","",NA,"","","",NA,"","","","",""
"12843*A","Arnold Arboretum","Betula alleghaniensis","12843","Bet. alleghan.","United States","Maine","","Bar Harbor","","","",NA,"","","",NA,"","","","",""
"12843*C","Arnold Arboretum","Betula alleghaniensis","12843","Bet. alleghan.","United States","Maine","","Bar Harbor","","","",NA,"","","",NA,"","","","",""
"12843*D","Arnold Arboretum","Betula alleghaniensis","12843","Bet. alleghan.","United States","Maine","","Bar Harbor","","","",NA,"","","",NA,"","","","",""
"12843*E","Arnold Arboretum","Betula alleghaniensis","12843","Bet. alleghan.","United States","Maine","","Bar Harbor","","","",NA,"","","",NA,"","","","",""
"12843*H","Arnold Arboretum","Betula alleghaniensis","12843","Bet. alleghan.","United States","Maine","","Bar Harbor","","","",NA,"","","",NA,"","","","",""
"629-83*D","Arnold Arboretum","Betula alleghaniensis","629-83","Bet. alleghan.","United States","Illinois","Lee County","","","","",NA,"","","",NA,"","","","",""
"1199*D","Arnold Arboretum","Betula nigra","1199","Bet. nigra","United States","Massachusetts","","Lowell","","","",NA,"","","",NA,"","","","",""
"1199*J","Arnold Arboretum","Betula nigra","1199","Bet. nigra","United States","Massachusetts","","Lowell","","","",NA,"","","",NA,"","","","",""
"1251-79*A","Arnold Arboretum","Betula nigra","1251-79","Bet. nigra","United States","Missouri","","","approximately 3 miles southeast of Kalma, along south bank of Castor River","","",NA,"","","",NA,"","","","",""
"1251-79*B","Arnold Arboretum","Betula nigra","1251-79","Bet. nigra","United States","Missouri","","","approximately 3 miles southeast of Kalma, along south bank of Castor River","","",NA,"","","",NA,"","","","",""
"betnig1","Arnold Arboretum","Betula nigra","betnig1",NA,NA,NA,NA,NA,NA,NA,NA,NA,NA,NA,NA,NA,NA,NA,NA,NA,NA
"970-79*B","Arnold Arboretum","Carpinus caroliniana","970-79","Carp. carolin.","United States","North Carolina","Madison County","","banks of French Broad River 4 miles southeast of Marshall on US 70","","",NA,"","","",NA,"","","","",""
"20095*A","Arnold Arboretum","Carya glabra","20095","Carya glabra","United States","Pennsylvania","","","","41","6",54,"N","77","36",17,"W","","","",""
"20098*A","Arnold Arboretum","Carya glabra","20098","Carya glabra","","United States","Massachusetts","[Suffolk County]","Jamaica Plain","","42",18,"35.352","N","71",7,"13.1772","W","","",""
"20101*A","Arnold Arboretum","Carya glabra","20101","Carya glabra","United States","Massachusetts","Suffolk County","Jamaica Plain","","42","18",35,"N","71","7",13,"W","","","","[All of the collection details are based upon the interpretation of this tree as a local genotype - JRD 2010]."
"2019*B","Arnold Arboretum","Carya glabra","2019","Carya glabra","United States","Massachusetts","[Suffolk County]","Jamaica Plain","","42","18",35,"N","71","7",13,"W","","","",""
"2019*C","Arnold Arboretum","Carya glabra","2019","Carya glabra","United States","Massachusetts","[Suffolk County]","Jamaica Plain","","42","18",35,"N","71","7",13,"W","","","",""
"2019*I","Arnold Arboretum","Carya glabra","2019","Carya glabra","United States","Massachusetts","[Suffolk County]","Jamaica Plain","","42","18",35,"N","71","7",13,"W","","","",""
"2019*O","Arnold Arboretum","Carya glabra","2019","Carya glabra","United States","Massachusetts","[Suffolk County]","Jamaica Plain","","42","18",35,"N","71","7",13,"W","","","",""
"2019*R","Arnold Arboretum","Carya glabra","2019","Carya glabra","United States","Massachusetts","[Suffolk County]","Jamaica Plain","","42","18",35,"N","71","7",13,"W","","","",""
"2019*S","Arnold Arboretum","Carya glabra","2019","Carya glabra","United States","Massachusetts","[Suffolk County]","Jamaica Plain","","42","18",35,"N","71","7",13,"W","","","",""
"6990*A","Arnold Arboretum","Carya glabra","6990","Carya glabra","United States","New York","[Monroe County]","Rochester","Seneca Park","43","12",21,"N","77","37",24,"W","","","","[Seneca Park is an Olmstedian landscape designed to preserve and allow access to a forested gorge along the Genesee River, hence this collection has been interpreted as wild - JRD 5 NOV 2010]."
"7873*A","Arnold Arboretum","Carya glabra","7873","Carya glabra","United States","Massachusetts","[Worcester County]","Petersham","Waldo Farm","42","29",15,"N","72","11",13,"W","","","",""
"8188*A","Arnold Arboretum","Carya glabra","8188","Carya glabra","United States","New York","[Monroe County]","Rochester","","43","10",7,"N","77","36",56,"W","","","",""
"12907*B","Arnold Arboretum","Carya ovata","12907","Carya ovata","","United States","Massachusetts","[Suffolk County]","Jamaica Plain","","42",18,"35.352","N","71",7,"13.1772","W","","",""
"12907*D","Arnold Arboretum","Carya ovata","12907","Carya ovata","","United States","Massachusetts","[Suffolk County]","Jamaica Plain","","42",18,"35.352","N","71",7,"13.1772","W","","",""
"12907*G","Arnold Arboretum","Carya ovata","12907","Carya ovata","","United States","Massachusetts","[Suffolk County]","Jamaica Plain","","42",18,"35.352","N","71",7,"13.1772","W","","",""
"12907*I","Arnold Arboretum","Carya ovata","12907","Carya ovata","","United States","Massachusetts","[Suffolk County]","Jamaica Plain","","42",18,"35.352","N","71",7,"13.1772","W","","",""
"12907*N","Arnold Arboretum","Carya ovata","12907","Carya ovata","","United States","Massachusetts","[Suffolk County]","Jamaica Plain","","42",18,"35.352","N","71",7,"13.1772","W","","",""
"12907*Q","Arnold Arboretum","Carya ovata","12907","Carya ovata","","United States","Massachusetts","[Suffolk County]","Jamaica Plain","","42",18,"35.352","N","71",7,"13.1772","W","","",""
"6986*A","Arnold Arboretum","Carya ovata","6986","Carya ovata","United States","New York","Monroe County","Rochester","Riverside Cemetery","43","13",5,"N","77","37",33,"W","","","Tree, about 40 feet high, with a trunk 5 decimeters in diameter, covered with close smooth dark gray bark... additional description of stems and buds also available (Sargent, Trees and Shrubs, vol 2, part 4. page 197).",""
"7321*A","Arnold Arboretum","Carya ovata","7321","Carya ovata","United States","New York","[Monroe County]","Greece","Long Pond","43","17",16,"N","77","41",46,"W","","","",""
"7947*A","Arnold Arboretum","Carya ovata","7947","Carya ovata","United States","New York","[Monroe County]","Greece","Long Pond","43","17",16,"N","77","41",46,"W","","","",""
"carova1","Arnold Arboretum","Carya ovata","carova1",NA,NA,NA,NA,NA,NA,NA,NA,NA,NA,NA,NA,NA,NA,NA,NA,NA,NA
"carova2","Arnold Arboretum","Carya ovata","carova2",NA,NA,NA,NA,NA,NA,NA,NA,NA,NA,NA,NA,NA,NA,NA,NA,NA,NA
"carova3","Arnold Arboretum","Carya ovata","carova3",NA,NA,NA,NA,NA,NA,NA,NA,NA,NA,NA,NA,NA,NA,NA,NA,NA,NA
"1245-79*A","Arnold Arboretum","Catalpa speciosa","1245-79","Cat. speciosa","United States","Missouri","Zalma","","roadside park, Route 51; bottomland along Castor River","","",NA,"","","",NA,"","","","",""
"1245-79*B","Arnold Arboretum-BBM","Catalpa speciosa","1245-79","Cat. speciosa","United States","Missouri","Zalma","","roadside park, Route 51; bottomland along Castor River","","",NA,"","","",NA,"","","","",""
"catspe1","Arnold Arboretum-BBM","Catalpa speciosa","catspe1",NA,NA,NA,NA,NA,NA,NA,NA,NA,NA,NA,NA,NA,NA,NA,NA,NA,NA
"catspe2","Arnold Arboretum","Catalpa speciosa","catspe2",NA,NA,NA,NA,NA,NA,NA,NA,NA,NA,NA,NA,NA,NA,NA,NA,NA,NA
"catspe3","Arnold Arboretum","Catalpa speciosa","catspe3",NA,NA,NA,NA,NA,NA,NA,NA,NA,NA,NA,NA,NA,NA,NA,NA,NA,NA
"catspe4","Arnold Arboretum","Catalpa speciosa","catspe4",NA,NA,NA,NA,NA,NA,NA,NA,NA,NA,NA,NA,NA,NA,NA,NA,NA,NA
"11913*A","Arnold Arboretum","Crataegus crus-galli","11913","Crat. crus-galli","United States","Arkansas","","Fulton","","","",NA,"","","",NA,"","","","",""
"18912*A","Arnold Arboretum","Crataegus crus-galli","18912","Crat. crus-galli","United States","Arkansas","","","","","",NA,"","","",NA,"","","","",""
"18918*A","Arnold Arboretum","Crataegus crus-galli","18918","Crat. crus-galli","United States","Ohio","","Perrysburg","","","",NA,"","","",NA,"","","","",""
"5029*A","Arnold Arboretum","Crataegus crus-galli","5029","Crat. crus-galli","United States","Pennsylvania","","Philadelphia","Bartram Lane","","",NA,"","","",NA,"","","","",""
"5053*A","Arnold Arboretum","Crataegus crus-galli","5053","Crat. crus-galli","United States","Delaware","","Stanton","","","",NA,"","","",NA,"","","","",""
"6500*A","Arnold Arboretum","Crataegus crus-galli","6500","Crat. crus-galli","United States","Missouri","Greene County","Brookline","","","",NA,"","","",NA,"","","","","Addtional collections (presumably flowering specimens) also collected 7 May 1908."
"383-27*A","Arnold Arboretum","Fagus engleriana","383-27","Fagus engl.","China","W. Hubei (W. Hupeh)","Hsing-shan Hsien","","","","",NA,"","","",NA,"","","","",""
"383-27*B","Arnold Arboretum","Fagus engleriana","383-27","Fagus engl.","China","W. Hubei (W. Hupeh)","Hsing-shan Hsien","","","","",NA,"","","",NA,"","","","",""
"7416*A","Arnold Arboretum","Fagus engleriana","7416","Fagus engl.","China","W. Hubei (W. Hupeh)","Hsing-shan Hsien","","","","",NA,"","","",NA,"","","","",""
"7416*B","Arnold Arboretum","Fagus engleriana","7416","Fagus engl.","China","W. Hubei (W. Hupeh)","Hsing-shan Hsien","","","","",NA,"","","",NA,"","","","",""
"14585*B","Arnold Arboretum","Fagus grandifolia","14585","Fagus grandif.","United States","MA","","Jamaica Plain","Bussey Woods","","",NA,"","","",NA,"","","","",""
"14585*C","Arnold Arboretum","Fagus grandifolia","14585","Fagus grandif.","United States","MA","","Jamaica Plain","Bussey Woods","","",NA,"","","",NA,"","","","",""
"14585*D","Arnold Arboretum","Fagus grandifolia","14585","Fagus grandif.","United States","MA","","Jamaica Plain","Bussey Woods","","",NA,"","","",NA,"","","","",""
"14585*G","Arnold Arboretum","Fagus grandifolia","14585","Fagus grandif.","United States","MA","","Jamaica Plain","Bussey Woods","","",NA,"","","",NA,"","","","",""
"14585*J","Arnold Arboretum","Fagus grandifolia","14585","Fagus grandif.","United States","MA","","Jamaica Plain","Bussey Woods","","",NA,"","","",NA,"","","","",""
"14585*T","Arnold Arboretum","Fagus grandifolia","14585","Fagus grandif.","United States","MA","","Jamaica Plain","Bussey Woods","","",NA,"","","",NA,"","","","",""
"14585*V","Arnold Arboretum","Fagus grandifolia","14585","Fagus grandif.","United States","MA","","Jamaica Plain","Bussey Woods","","",NA,"","","",NA,"","","","",""
"14585*W","Arnold Arboretum","Fagus grandifolia","14585","Fagus grandif.","United States","MA","","Jamaica Plain","Bussey Woods","","",NA,"","","",NA,"","","","",""
"26-80*A","Arnold Arboretum","Fagus grandifolia","26-80","Fagus grandif.","United States","MA","Petersham","","Harvard Forest","","",NA,"","","",NA,"","","","",""
"6782*B","Arnold Arboretum","Fagus grandifolia","6782","Fagus grandif.","United States","North Carolina","","","","","",NA,"","","",NA,"","","","",""
"faggra1","Arnold Arboretum-BBM","Fagus grandifolia","faggra1",NA,NA,NA,NA,NA,NA,NA,NA,NA,NA,NA,NA,NA,NA,NA,NA,NA,NA
"14615*B","Arnold Arboretum","Fraxinus chinensis","14615","Frax. chin.","China","Xinjiang (Sinkiang)","","","Hong Shan","","",NA,"","","",NA,"","","","",""
"439-80*C","Arnold Arboretum","Fraxinus chinensis","439-80","Frax. chin.","China","","","","","40","",NA,"N","116","",NA,"E","42","M","",""
"439-80*D","Arnold Arboretum","Fraxinus chinensis","439-80","Frax. chin.","China","","","","","40","",NA,"N","116","",NA,"E","42","M","",""
"910-77*A","Arnold Arboretum","Fraxinus chinensis","910-77","Frax. chin. var. rhynch.","Korea, Republic of","Sorak National Park","","","","","",NA,"","","",NA,"","","","",""
"911-77*A","Arnold Arboretum","Fraxinus chinensis","911-77","Frax. chin.","Korea, Republic of","","","","Sorak National Park","","",NA,"","","",NA,"","","","",""
"911-77*C","Arnold Arboretum","Fraxinus chinensis","911-77","Frax. chin.","Korea, Republic of","","","","Sorak National Park","","",NA,"","","",NA,"","","","",""
"1265-79*D","Arnold Arboretum","Fraxinus mandschurica","1265-79","Frax. mand.","China","","","","","43","40",NA,"N","126","30",NA,"E","300","M","",""
"1265-79*E","Arnold Arboretum","Fraxinus mandschurica","1265-79","Frax. mand.","China","","","","","43","40",NA,"N","126","30",NA,"E","300","M","",""
"1422-83*B","Arnold Arboretum","Fraxinus pennsylvanica","1422-83","Frax. penn.","United States","MA","Hampshire County","","Hadley","","",NA,"","","",NA,"","","","",""
"186-82*A","Arnold Arboretum","Fraxinus pennsylvanica","186-82","Frax. penn.","Canada","Ontario","Essex County","","Pelee Island","41","45",NA,"N","82","40",NA,"W","175","M","",""
"186-82*C","Arnold Arboretum","Fraxinus pennsylvanica","186-82","Frax. penn.","Canada","Ontario","Essex County","","Pelee Island","41","45",NA,"N","82","40",NA,"W","175","M","",""
"537-81*A","Arnold Arboretum","Fraxinus sieboldiana","537-81","Frax. sieb.","Japan","Ishikawa Pref.","Noto Peninsula","","above Suzu City","","",NA,"","","",NA,"","366","M","Deciduous tree, leaves 5-7 foliate, samaras oblanceolata, 2.5-3c, long.",""
"5378*A","Arnold Arboretum","Fraxinus sieboldiana","5378","Berb. tsarong.","Japan","Shinano","Ogawa","","","","",NA,"","","",NA,"","","","",""
"1237-79*B","Arnold Arboretum","Gleditsia triacanthos","1237-79","Gled. triac.","United States","Missouri","","","approximately 2 miles north of Saline Creek on Route 61","","",NA,"","","",NA,"","","","",""
"1237-79*C","Arnold Arboretum","Gleditsia triacanthos","1237-79","Gled. triac.","United States","Missouri","","","approximately 2 miles north of Saline Creek on Route 61","","",NA,"","","",NA,"","","","",""
"13218*A","Arnold Arboretum","Gleditsia triacanthos","13218","Gled. triac.","United States","Missouri","","Noel","","","",NA,"","","",NA,"","","","",""
"12453*A","Arnold Arboretum","Kalopanax septemlobus","12453","Kalo. septemlobus","Japan","","","","","","",NA,"","","",NA,"","","","",""
"12453*C","Arnold Arboretum","Kalopanax septemlobus","12453","Kalo. septemlobus","Japan","","","","","","",NA,"","","",NA,"","","","",""
"kalsep1","Arnold Arboretum-BBM","Kalopanax septemlobus","kalsep1",NA,NA,NA,NA,NA,NA,NA,NA,NA,NA,NA,NA,NA,NA,NA,NA,NA,NA
"kalsep2","Arnold Arboretum-BBM","Kalopanax septemlobus","kalsep2",NA,NA,NA,NA,NA,NA,NA,NA,NA,NA,NA,NA,NA,NA,NA,NA,NA,NA
"1248-79*A","Arnold Arboretum","Liquidambar styraciflua","1248-79","Liq. styrac.","United States","Missouri","","","Approximately 3 miles southeast of Zelma, along south bank of Castor River.","","",NA,"","","",NA,"","","","",""
"1248-79*B","Arnold Arboretum","Liquidambar styraciflua","1248-79","Liq. styrac.","United States","Missouri","","","Approximately 3 miles southeast of Zelma, along south bank of Castor River.","","",NA,"","","",NA,"","","","",""
"1248-79*C?(labelled A)","Arnold Arboretum","Liquidambar styraciflua","1248-79","Liq. styrac.","United States","Missouri","","","Approximately 3 miles southeast of Zelma, along south bank of Castor River.","","",NA,"","","",NA,"","","","",""
"1038-80*A","Arnold Arboretum","Liriodendron tulipifera","1038-80","Lirio. tulip.","Canada","Ontario","","","","","",NA,"","","",NA,"","110-130","M","",""
"787*B","Arnold Arboretum","Liriodendron tulipifera","787","Lirio. tulip.","United States","MA","","West Roxbury","","","",NA,"","","",NA,"","","","",""
"787*F","Arnold Arboretum","Liriodendron tulipifera","787","Lirio. tulip.","United States","MA","","West Roxbury","","","",NA,"","","",NA,"","","","",""
"10724*B","Arnold Arboretum","Phellodendron amurense","10724","Phello. amur. var. laval.","Japan","","","","Tokyo","","",NA,"","","",NA,"","","","",""
"1769-77*A","Arnold Arboretum","Phellodendron amurense","1769-77","Phello. amur.","Japan","Hokkaido Pref.","Asahikawa","","Northern Plant Garden","","",NA,"","","",NA,"","","","",""
"181-79*A","Arnold Arboretum","Phellodendron amurense","181-79","Phello. amur.","Korea, Republic of","","","","Mt. Kyebang","","",NA,"","","",NA,"","3600","FT","",""
"7544*B","Arnold Arboretum","Phellodendron amurense","7544","Phello. amur. var. laval.","Japan","","","","Azuma","","",NA,"","","",NA,"","","","",""
"7544*C","Arnold Arboretum","Phellodendron amurense","7544","Phello. amur. var. laval.","Japan","","","","Azuma","","",NA,"","","",NA,"","","","",""
"7544*E","Arnold Arboretum","Phellodendron amurense","7544","Phello. amur. var. laval.","Japan","","","","Azuma","","",NA,"","","",NA,"","","","",""
"pheamu1","Arnold Arboretum-BBM","Phellodendron amurense","pheamu1",NA,NA,NA,NA,NA,NA,NA,NA,NA,NA,NA,NA,NA,NA,NA,NA,NA,NA
"Pheamu2","Arnold Arboretum-BBM","Phellodendron amurense","Pheamu2",NA,NA,NA,NA,NA,NA,NA,NA,NA,NA,NA,NA,NA,NA,NA,NA,NA,NA
"Pheamu3","Arnold Arboretum-BBM","Phellodendron amurense","Pheamu3",NA,NA,NA,NA,NA,NA,NA,NA,NA,NA,NA,NA,NA,NA,NA,NA,NA,NA
"111-58*A","Arnold Arboretum","Platanus occidentalis","111-58","Plat. occid.","United States","Massachusetts","","Wayland","","","",NA,"","","",NA,"","","","",""
"111-58*B","Arnold Arboretum","Platanus occidentalis","111-58","Plat. occid.","United States","Massachusetts","","Wayland","","","",NA,"","","",NA,"","","","",""
"1236-79*A","Arnold Arboretum","Platanus occidentalis","1236-79","Plat. occid.","United States","Missouri","","","Route 51, 5 miles southwest of McBride","","",NA,"","","",NA,"","","","",""
"1236-79*B","Arnold Arboretum","Platanus occidentalis","1236-79","Plat. occid.","United States","Missouri","","","Route 51, 5 miles southwest of McBride","","",NA,"","","",NA,"","","","",""
"1236-79*D","Arnold Arboretum","Platanus occidentalis","1236-79","Plat. occid.","United States","Missouri","","","Route 51, 5 miles southwest of McBride","","",NA,"","","",NA,"","","","",""
"1726-81*A","Arnold Arboretum","Platanus occidentalis","1726-81","Plat. occid.","Canada","Ontario","Brant County","","Brantford Tp., Nith River flood plain","43","11",NA,"N","080","24",NA,"W","229","M","",""
"1726-81*B","Arnold Arboretum","Platanus occidentalis","1726-81","Plat. occid.","Canada","Ontario","Brant County","","Brantford Tp., Nith River flood plain","43","11",NA,"N","080","24",NA,"W","229","M","",""
"16611*F","Arnold Arboretum","Populus deltoides","16611","Pop. delt. ssp. delt.","Canada","Quebec","","Chateauguay","","","",NA,"","","",NA,"","","","","August 1895 and September 1896"
"16611*H","Arnold Arboretum","Populus deltoides","16611","Pop. delt. ssp. delt.","Canada","Quebec","","Chateauguay","","","",NA,"","","",NA,"","","","","August 1895 and September 1896"
"16611*J","Arnold Arboretum","Populus deltoides","16611","Pop. delt. ssp. delt.","Canada","Quebec","","Chateauguay","","","",NA,"","","",NA,"","","","","August 1895 and September 1896"
"16611*K","Arnold Arboretum","Populus deltoides","16611","Pop. delt. ssp. delt.","Canada","Quebec","","Chateauguay","","","",NA,"","","",NA,"","","","","August 1895 and September 1896"
"16611*O","Arnold Arboretum","Populus deltoides","16611","Pop. delt. ssp. delt.","Canada","Quebec","","Chateauguay","","","",NA,"","","",NA,"","","","","August 1895 and September 1896"
"popdel 2b","Arnold Arboretum","Populus deltoides","popdel 2b",NA,NA,NA,NA,NA,NA,NA,NA,NA,NA,NA,NA,NA,NA,NA,NA,NA,NA
"popdel 3","Arnold Arboretum","Populus deltoides","popdel 3",NA,NA,NA,NA,NA,NA,NA,NA,NA,NA,NA,NA,NA,NA,NA,NA,NA,NA
"popdel 4","Arnold Arboretum","Populus deltoides","popdel 4",NA,NA,NA,NA,NA,NA,NA,NA,NA,NA,NA,NA,NA,NA,NA,NA,NA,NA
"popdel 5","Arnold Arboretum","Populus deltoides","popdel 5",NA,NA,NA,NA,NA,NA,NA,NA,NA,NA,NA,NA,NA,NA,NA,NA,NA,NA
"popdel1","Arnold Arboretum","Populus deltoides","popdel1",NA,NA,NA,NA,NA,NA,NA,NA,NA,NA,NA,NA,NA,NA,NA,NA,NA,NA
"popdel2a","Arnold Arboretum","Populus deltoides","popdel2a",NA,NA,NA,NA,NA,NA,NA,NA,NA,NA,NA,NA,NA,NA,NA,NA,NA,NA
"popdel6","Arnold Arboretum","Populus deltoides","popdel6",NA,NA,NA,NA,NA,NA,NA,NA,NA,NA,NA,NA,NA,NA,NA,NA,NA,NA
"popdel7","Arnold Arboretum","Populus deltoides","popdel7",NA,NA,NA,NA,NA,NA,NA,NA,NA,NA,NA,NA,NA,NA,NA,NA,NA,NA
"popdel8","Arnold Arboretum","Populus deltoides","popdel8",NA,NA,NA,NA,NA,NA,NA,NA,NA,NA,NA,NA,NA,NA,NA,NA,NA,NA
"250-80*A","Arnold Arboretum","Pyrus calleryana var. dimorphophylla","250-80","Pyrus call. var. dimorph.","Japan","","","","","","",NA,"","","",NA,"","","","",""
"250-80*E","Arnold Arboretum","Pyrus calleryana var. dimorphophylla","250-80","Pyrus call. var. dimorph.","Japan","","","","","","",NA,"","","",NA,"","","","",""
"731-81*B","Arnold Arboretum","Pyrus calleryana var. dimorphophylla","731-81","Pyrus call. var. dimorph.","Japan","","","","","","",NA,"","","",NA,"","","","",""
"731-81*F","Arnold Arboretum","Pyrus calleryana var. dimorphophylla","731-81","Pyrus call. var. dimorph.","Japan","","","","","","",NA,"","","",NA,"","","","",""
"10569*A","Arnold Arboretum","Pyrus pyrifolia","10569","Pyrus pyrifolia","China","Chihli Province","Malanyu","","","","",NA,"","","",NA,"","","","",""
"23189*A","Arnold Arboretum","Pyrus pyrifolia","23189","Pyrus pyrif. f. stapf.","China","W. Hubei (W. Hupeh)","Ichang","","","","",NA,"","","",NA,"","","","",""
"7272*A_long","Arnold Arboretum","Pyrus pyrifolia","7272","Pyrus pyrifolia","China","W. Hubei (W. Hupeh)","Ichang","","","","",NA,"","","",NA,"","1000","M","Tree 7 m. tall, flowers white, fruit globose; seeds only",""
"7272*C","Arnold Arboretum","Pyrus pyrifolia","7272","Pyrus pyrifolia","China","W. Hubei (W. Hupeh)","Ichang","","","","",NA,"","","",NA,"","1000","M","Tree 7 m. tall, flowers white, fruit globose; seeds only",""
"11728*A","Arnold Arboretum","Pyrus ussuriensis var. hondoensis","11728","Pyrus ussur. var. hondo.","Country Unknown","","","","","","",NA,"","","",NA,"","","","",""
"11728*B","Arnold Arboretum","Pyrus ussuriensis var. hondoensis","11728","Pyrus ussur. var. hondo.","Country Unknown","","","","","","",NA,"","","",NA,"","","","",""
"11728*C","Arnold Arboretum","Pyrus ussuriensis var. hondoensis","11728","Pyrus ussur. var. hondo.","Country Unknown","","","","","","",NA,"","","",NA,"","","","",""
"117456*B","Arnold Arboretum","Pyrus ussuriensis var. hondoensis","117456",NA,NA,NA,NA,NA,NA,NA,NA,NA,NA,NA,NA,NA,NA,NA,NA,NA,NA
"17456*A","Arnold Arboretum","Pyrus ussuriensis var. hondoensis","17456","Pyrus ussur. var. hondo.","Japan","Koshu","","","base of Mt. Fuji","","",NA,"","","",NA,"","","","","Ao-nashi (Green Pear)"
"17456*B","Arnold Arboretum","Pyrus ussuriensis var. hondoensis","17456","Pyrus ussur. var. hondo.","Japan","Koshu","","","base of Mt. Fuji","","",NA,"","","",NA,"","","","","Ao-nashi (Green Pear)"
"20513*A","Arnold Arboretum","Quercus alba","20513","Q. alba","United States","Massachusetts","","East Walpole","","","",NA,"","","",NA,"","","","",""
"358-82*A","Arnold Arboretum","Quercus alba","358-82","Q. alba","United States","Georgia","Decatur","","","","",NA,"","","",NA,"","","","",""
"quealb1","Arnold Arboretum","Quercus alba","quealb1",NA,NA,NA,NA,NA,NA,NA,NA,NA,NA,NA,NA,NA,NA,NA,NA,NA,NA
"quealb10","Arnold Arboretum-BBM","Quercus alba","quealb10",NA,NA,NA,NA,NA,NA,NA,NA,NA,NA,NA,NA,NA,NA,NA,NA,NA,NA
"quealb11","Arnold Arboretum-BBM","Quercus alba","quealb11",NA,NA,NA,NA,NA,NA,NA,NA,NA,NA,NA,NA,NA,NA,NA,NA,NA,NA
"quealb2","Arnold Arboretum-BBM","Quercus alba","quealb2",NA,NA,NA,NA,NA,NA,NA,NA,NA,NA,NA,NA,NA,NA,NA,NA,NA,NA
"quealb3A","Arnold Arboretum-BBM","Quercus alba","quealb3A",NA,NA,NA,NA,NA,NA,NA,NA,NA,NA,NA,NA,NA,NA,NA,NA,NA,NA
"quealb3b","Arnold Arboretum-BBM","Quercus alba","quealb3b",NA,NA,NA,NA,NA,NA,NA,NA,NA,NA,NA,NA,NA,NA,NA,NA,NA,NA
"quealb5","Arnold Arboretum","Quercus alba","quealb5",NA,NA,NA,NA,NA,NA,NA,NA,NA,NA,NA,NA,NA,NA,NA,NA,NA,NA
"quealb6","Arnold Arboretum","Quercus alba","quealb6",NA,NA,NA,NA,NA,NA,NA,NA,NA,NA,NA,NA,NA,NA,NA,NA,NA,NA
"quealb6A","Arnold Arboretum","Quercus alba","quealb6A",NA,NA,NA,NA,NA,NA,NA,NA,NA,NA,NA,NA,NA,NA,NA,NA,NA,NA
"quealb7","Arnold Arboretum","Quercus alba","quealb7",NA,NA,NA,NA,NA,NA,NA,NA,NA,NA,NA,NA,NA,NA,NA,NA,NA,NA
"quealb8","Arnold Arboretum","Quercus alba","quealb8",NA,NA,NA,NA,NA,NA,NA,NA,NA,NA,NA,NA,NA,NA,NA,NA,NA,NA
"quealb9","Arnold Arboretum","Quercus alba","quealb9",NA,NA,NA,NA,NA,NA,NA,NA,NA,NA,NA,NA,NA,NA,NA,NA,NA,NA
"16795*A","Arnold Arboretum","Quercus aliena","16795","Q. aliena var. acutes.","China","Western Hubei (Western Hupeh)","Changyang Hsien","","","","",NA,"","","",NA,"","","","",""
"18409*A","Arnold Arboretum","Quercus aliena","18409","Q. aliena var. acutes.","China","Northern Henan (N. Honan)","Tsi Yuan hsien","","Pei ting shan","","",NA,"","","",NA,"","1200","M","",""
"20517*A","Arnold Arboretum","Quercus coccinea","20517","Q. coccinea","United States","Massachusetts","","East Walpole","","","",NA,"","","",NA,"","","","",""
"20517*B","Arnold Arboretum","Quercus coccinea","20517","Q. coccinea","United States","Massachusetts","","East Walpole","","","",NA,"","","",NA,"","","","",""
"7598*A","Arnold Arboretum","Quercus coccinea","7598","Q. coccinea","United States","Alabama","","Valleyhead","","","",NA,"","","",NA,"","","","",""
"7598*B","Arnold Arboretum","Quercus coccinea","7598","Q. coccinea","United States","Alabama","","Valleyhead","","","",NA,"","","",NA,"","","","",""
"7598*H","Arnold Arboretum","Quercus coccinea","7598","Q. coccinea","United States","Alabama","","Valleyhead","","","",NA,"","","",NA,"","","","",""
"7598*J","Arnold Arboretum","Quercus coccinea","7598","Q. coccinea","United States","Alabama","","Valleyhead","","","",NA,"","","",NA,"","","","",""
"1590-52*B","Arnold Arboretum","Quercus dentata","1590-52","Q. dentata","Japan","Honshu","Prov. Mutsu","","foot of Mt. Iwaki","","",NA,"","","",NA,"","","","",""
"1590-52*C","Arnold Arboretum","Quercus dentata","1590-52","Q. dentata","Japan","Honshu","Prov. Mutsu","","foot of Mt. Iwaki","","",NA,"","","",NA,"","","","",""
"16815*A","Arnold Arboretum","Quercus dentata","16815","Q. dentata","","China","","","","Chang-li","",NA,"","","",NA,"","","","",""
"16816*A","Arnold Arboretum","Quercus dentata","16816","Q. dentata","China","","","","at Great Wall","","",NA,"","","",NA,"","","","",""
"1211-77*B","Arnold Arboretum","Quercus glandulifera","1211-77","Q. glandulif.","Japan","Honshu","Aomori Pref.","","Yuze","","",NA,"","","",NA,"","","","",""
"1264-80*B","Arnold Arboretum","Quercus glandulifera","1264-80","Q. glandulif.","Japan","Nagasaki Prefecture","","Isahaya City","Kaizen-cho","","",NA,"","","",NA,"","","","",""
"16823*B","Arnold Arboretum","Quercus glandulifera","16823","Q. glandulif.","Japan","[Fukushima Prefecture]","","Fukushima","","","",NA,"","","",NA,"","","","",""
"16823*K","Arnold Arboretum","Quercus glandulifera","16823","Q. glandulif.","Japan","[Fukushima Prefecture]","","Fukushima","","","",NA,"","","",NA,"","","","",""
"16824*C","Arnold Arboretum","Quercus glandulifera","16824","Q. glandulif.","China","Western Hubei (Western Hupeh)","Fang Hsien","","","","",NA,"","","",NA,"","","","",""
"3672*A","Arnold Arboretum","Quercus glandulifera","3672","Q. glandulif.","Japan","","","Mori","","","",NA,"","","",NA,"","","","",""
"3672*B","Arnold Arboretum","Quercus glandulifera","3672","Q. glandulif.","Japan","","","Mori","","","",NA,"","","",NA,"","","","",""
"3672*C","Arnold Arboretum","Quercus glandulifera","3672","Q. glandulif.","Japan","","","Mori","","","",NA,"","","",NA,"","","","",""
"16847*E","Arnold Arboretum","Quercus macrocarpa","16847","Q. macrocarpa","United States","New York","","","Geneseo Valley","","",NA,"","","",NA,"","","","",""
"16847*F","Arnold Arboretum","Quercus macrocarpa","16847","Q. macrocarpa","United States","New York","","","Geneseo Valley","","",NA,"","","",NA,"","","","",""
"16847*J","Arnold Arboretum","Quercus macrocarpa","16847","Q. macrocarpa","United States","New York","","","Geneseo Valley","","",NA,"","","",NA,"","","","",""
"16847*M","Arnold Arboretum","Quercus macrocarpa","16847","Q. macrocarpa","United States","New York","","","Geneseo Valley","","",NA,"","","",NA,"","","","",""
"11253*A","Arnold Arboretum","Quercus rubra","11253","Q. rubra","United States","North Carolina","Highlands","","","","",NA,"","","",NA,"","","","",""
"16882*B","Arnold Arboretum","Quercus rubra","16882","Q. rubra","United States","Alabama","","Birmingham","","","",NA,"","","",NA,"","","","",""
"5859*B","Arnold Arboretum","Quercus rubra","5859","Q. rubra","United States","New Hampshire","","Littleton","","","",NA,"","","",NA,"","","","",""
"8197*A","Arnold Arboretum","Quercus rubra","8197","Q. rubra","United States","Tennessee","","","","","",NA,"","","",NA,"","","","",""
"1581-77*F","Arnold Arboretum","Quercus variabilis","1581-77","Q. variabilis","Korea, Republic of","Chungchong-namdo","Uihang-ni","","","","",NA,"","","",NA,"","","","",""
"17631*A","Arnold Arboretum","Quercus variabilis","17631","Q. variabilis","China","Western Hupeh [Western Hubei]","","Ichang","","","",NA,"","","",NA,"","","","",""
"17631*B","Arnold Arboretum","Quercus variabilis","17631","Q. variabilis","China","Western Hupeh [Western Hubei]","","Ichang","","","",NA,"","","",NA,"","","","",""
"18053*A","Arnold Arboretum","Quercus variabilis","18053","Q. variabilis","Korea, Republic of","","","Seoul","","","",NA,"","","",NA,"","","","",""
"3671*A","Arnold Arboretum","Quercus variabilis","3671","Q. variabilis","Japan","","","","","","",NA,"","","",NA,"","","","",""
"1539-80*A","Arnold Arboretum","Sorbus yuana","1539-80","Sorb. yuana","China","W. Hubei","Shennongjia Forest District","","between Yinpo and Qiaodonggou canyon on the road between Jiuhuping Forest Farm and Bancang","31","30",NA,"N","110","30",NA,"E","2100","M","Tree ca. 10m. tall d.b.h. ca 25cm. maturing fruit cherry-red, sweet, some with deciduous calyx.",""
"1539-80*B","Arnold Arboretum","Sorbus yuana","1539-80","Sorb. yuana","China","W. Hubei","Shennongjia Forest District","","between Yinpo and Qiaodonggou canyon on the road between Jiuhuping Forest Farm and Bancang","31","30",NA,"N","110","30",NA,"E","2100","M","Tree ca. 10m. tall d.b.h. ca 25cm. maturing fruit cherry-red, sweet, some with deciduous calyx.",""
"1539-80*C","Arnold Arboretum","Sorbus yuana","1539-80","Sorb. yuana","China","W. Hubei","Shennongjia Forest District","","between Yinpo and Qiaodonggou canyon on the road between Jiuhuping Forest Farm and Bancang","31","30",NA,"N","110","30",NA,"E","2100","M","Tree ca. 10m. tall d.b.h. ca 25cm. maturing fruit cherry-red, sweet, some with deciduous calyx.",""
"1539-80*H","Arnold Arboretum","Sorbus yuana","1539-80","Sorb. yuana","China","W. Hubei","Shennongjia Forest District","","between Yinpo and Qiaodonggou canyon on the road between Jiuhuping Forest Farm and Bancang","31","30",NA,"N","110","30",NA,"E","2100","M","Tree ca. 10m. tall d.b.h. ca 25cm. maturing fruit cherry-red, sweet, some with deciduous calyx.",""
"1539-80*I","Arnold Arboretum","Sorbus yuana","1539-80","Sorb. yuana","China","W. Hubei","Shennongjia Forest District","","between Yinpo and Qiaodonggou canyon on the road between Jiuhuping Forest Farm and Bancang","31","30",NA,"N","110","30",NA,"E","2100","M","Tree ca. 10m. tall d.b.h. ca 25cm. maturing fruit cherry-red, sweet, some with deciduous calyx.",""
"1894-80*A","Arnold Arboretum","Sorbus yuana","1894-80","Sorb. yuana","China","W. Hubei","Shennongjia Forest District","","between Yinpo and Qiaodonggou Canyon on the road between Jiuhuping Forest Farm and Bancang","31","30",NA,"N","110","30",NA,"E","2100","M","Tree ca. 10m. tall d.b.h. ca 25cm. maturing fruit cherry-red, sweet, some with deciduous calyx.",""
"1894-80*B","Arnold Arboretum","Sorbus yuana","1894-80","Sorb. yuana","China","W. Hubei","Shennongjia Forest District","","between Yinpo and Qiaodonggou Canyon on the road between Jiuhuping Forest Farm and Bancang","31","30",NA,"N","110","30",NA,"E","2100","M","Tree ca. 10m. tall d.b.h. ca 25cm. maturing fruit cherry-red, sweet, some with deciduous calyx.",""
"1894-80*D","Arnold Arboretum","Sorbus yuana","1894-80","Sorb. yuana","China","W. Hubei","Shennongjia Forest District","","between Yinpo and Qiaodonggou Canyon on the road between Jiuhuping Forest Farm and Bancang","31","30",NA,"N","110","30",NA,"E","2100","M","Tree ca. 10m. tall d.b.h. ca 25cm. maturing fruit cherry-red, sweet, some with deciduous calyx.",""
"1894-80*G","Arnold Arboretum","Sorbus yuana","1894-80","Sorb. yuana","China","W. Hubei","Shennongjia Forest District","","between Yinpo and Qiaodonggou Canyon on the road between Jiuhuping Forest Farm and Bancang","31","30",NA,"N","110","30",NA,"E","2100","M","Tree ca. 10m. tall d.b.h. ca 25cm. maturing fruit cherry-red, sweet, some with deciduous calyx.",""
"1894-80*K","Arnold Arboretum","Sorbus yuana","1894-80","Sorb. yuana","China","W. Hubei","Shennongjia Forest District","","between Yinpo and Qiaodonggou Canyon on the road between Jiuhuping Forest Farm and Bancang","31","30",NA,"N","110","30",NA,"E","2100","M","Tree ca. 10m. tall d.b.h. ca 25cm. maturing fruit cherry-red, sweet, some with deciduous calyx.",""
"12221*A","Arnold Arboretum","Styphnolobium japonicum","12221","Styphnol. japon.","Korea, Republic of","","","","","","",NA,"","","",NA,"","","","",""
"1239-83*A","Arnold Arboretum","Styphnolobium japonicum","1239-83","Styphnol. japon.","Korea, Republic of","Cholla Namdo","Sokjon-ni","Hwasan-myon","Haem-gun","","",NA,"","","",NA,"","","","",""
"1239-83*C","Arnold Arboretum","Styphnolobium japonicum","1239-83","Styphnol. japon.","Korea, Republic of","Cholla Namdo","Sokjon-ni","Hwasan-myon","Haem-gun","","",NA,"","","",NA,"","","","",""
"1323-82*A","Arnold Arboretum","Tilia americana","1323-82","T. americana","United States","Massachusetts","Franklin County","West Whately","","","",NA,"","","",NA,"","","","",""
"19804*A","Arnold Arboretum","Tilia americana","19804","T. americana","United States","Indiana","","","","","",NA,"","","",NA,"","","","",""
"3699*D","Arnold Arboretum","Tilia japonica","3699","T. japonica","Japan","","","","","","",NA,"","","",NA,"","","","",""
"772-53*A","Arnold Arboretum","Tilia japonica","772-53","T. japonica","Japan","Honshu","Province Mutsu","","Mount Hakkoda","","",NA,"","","",NA,"","500","M","",""
"945-63*A","Arnold Arboretum","Tilia japonica","945-63","T. japonica","Japan","Honshu","Province Mutsu","","Mount Hakkoda","","",NA,"","","",NA,"","500","M","",""
"tiljap","Arnold Arboretum-BBM","Tilia japonica","tiljap",NA,NA,NA,NA,NA,NA,NA,NA,NA,NA,NA,NA,NA,NA,NA,NA,NA,NA
"17908-1*B","Arnold Arboretum","Ulmus laciniata","17908-1","U. lacin. var. nikko.","Japan","","","","Lake Chuzenji","","",NA,"","","",NA,"","","","",""
"17908-1*C","Arnold Arboretum","Ulmus laciniata","17908-1","U. lacin. var. nikko.","Japan","","","","Lake Chuzenji","","",NA,"","","",NA,"","","","",""
"17908*D","Arnold Arboretum","Ulmus laciniata","17908","U. lacin. var. nikko.","Japan","","","","Lake Chuzenji","","",NA,"","","",NA,"","","","",""
"1813-77*A","Arnold Arboretum","Zelkova serrata","1813-77","Z. serrata","Korea, Republic of","Kyonggi-do","Yongmun-san","","along the trail to the temple","","",NA,"","","",NA,"","","","",""
"1813-77*B","Arnold Arboretum","Zelkova serrata","1813-77","Z. serrata","Korea, Republic of","Kyonggi-do","Yongmun-san","","along the trail to the temple","","",NA,"","","",NA,"","","","",""
"1813-77*C","Arnold Arboretum","Zelkova serrata","1813-77","Z. serrata","Korea, Republic of","Kyonggi-do","Yongmun-san","","along the trail to the temple","","",NA,"","","",NA,"","","","",""
"1813-77*D","Arnold Arboretum","Zelkova serrata","1813-77","Z. serrata","Korea, Republic of","Kyonggi-do","Yongmun-san","","along the trail to the temple","","",NA,"","","",NA,"","","","",""
"1813-77*E","Arnold Arboretum","Zelkova serrata","1813-77","Z. serrata","Korea, Republic of","Kyonggi-do","Yongmun-san","","along the trail to the temple","","",NA,"","","",NA,"","","","",""
"1813-77*F","Arnold Arboretum","Zelkova serrata","1813-77","Z. serrata","Korea, Republic of","Kyonggi-do","Yongmun-san","","along the trail to the temple","","",NA,"","","",NA,"","","","",""
